<?xml version="1.0" encoding="UTF-8" standalone="yes"?>
<addon id="script.loungeripper" name="Lounge Ripper" version="0.1.27" provider-name="Birger Jesch">
	<requires>
		<import addon="xbmc.python" version="2.1.0"/>
	</requires>
	<extension point="xbmc.python.script" library="default.py">
		<provides>executable</provides>
	</extension>
	<extension point="xbmc.addon.metadata">
		<summary lang="en">Rip DVDs and BluRays within Kodi</summary>
        <summary lang="de">Rippt DVDs und BluRays in Kodi</summary>
		<description lang="en">Lounge Ripper uses MakeMKV and Handbrake to rip and encode movies directly into Kodi with a simple press of a button.</description>
        <description lang="de">Mit Lounge Ripper einfach per Knopfdruck Filme direkt in Kodi mit Hilfe von MakeMKV und Handbrake rippen und umkodieren.</description>
		<disclaimer lang="en">Since Lounge Ripper makes use of MakeMKV and Handbrake, those must be installed properly for it to work.</disclaimer>
		<disclaimer lang="de">Lounge Ripper verwendet MakeMKV und Handbrake, diese müssen korrekt installiert sein.</disclaimer>
		<platform>all</platform>
		<license></license>
		<forum></forum>
		<website></website>
		<email>birger.jesch@gmail.com</email>
		<source>https://github.com/b-jesch/script.loungeripper.git</source>
	</extension>
</addon>
